{"Transform":[-20.492000579833984,0.0,0.0,0.0,0.0,0.0,2.1110000610351563,2.1110000610351563,2.1110000610351563],"objectID":1,"objectName":"TestWall"}
{"Transform":[35.24599838256836,0.0,0.0,0.0,0.0,0.0,1.0,1.0,1.0],"objectID":2,"objectName":"TestWall"}
