{"Transform":[35.24599838256836,0.0,0.0,0.0,0.0,0.0,1.0,1.0,1.0],"objectID":1,"objectName":"TestWall"}
{"Transform":[4.0980000495910645,0.0,3.2790000438690186,0.0,0.0,0.0,1.0,1.0,1.0],"objectID":2,"objectName":"TestWall"}
